<?xml version="1.0" encoding="UTF-8" ?>
<!DOCTYPE hibernate-configuration PUBLIC "-//Hibernate/Hibernate Configuration DTD 3.0//EN" "http://hibernate.sourceforge.net/hibernate-configuration-3.0.dtd">
<hibernate-configuration>
<session-factory>
    <property name="hibernate.connection.url">jdbc:mysql://localhost:3306/feria_de_navidad</property>

    <!-- Usuario de la base de datos -->
    <property name="hibernate.connection.username">Francisco</property>

    <!-- Contraseña de la base de datos -->
    <property name="hibernate.connection.password">PACOutad1</property>

    <!-- Controlador de conexión JDBC -->
    <property name="hibernate.connection.driver_class">com.mysql.cj.jdbc.Driver</property>

    <!-- Dialecto de la base de datos -->
    <property name="hibernate.dialect">org.hibernate.dialect.MySQLDialect</property>

    <!-- Modo de la transacción -->
    <property name="hibernate.current_session_context_class">thread</property>

    <!-- Habilitar la creación automática de tablas en la base de datos -->
    <property name="hibernate.hbm2ddl.auto">update</property>

    <!-- Mostrar las consultas SQL en la consola -->
    <property name="hibernate.show_sql">true</property>

    <!-- Formatear el SQL mostrado -->
    <property name="hibernate.format_sql">true</property>

    <!-- Uso de segundo nivel de caché -->
    <!-- <property name="hibernate.cache.use_second_level_cache">true</property> -->

  <!-- Utilizar caché de consultas -->
    <!-- <property name="hibernate.cache.use_query_cache">true</property> -->

    <!-- Configuración del pool de conexiones -->
    <property name="hibernate.c3p0.min_size">5</property>
    <property name="hibernate.c3p0.max_size">20</property>
    <property name="hibernate.c3p0.timeout">300</property>
    <property name="hibernate.c3p0.max_statements">50</property>
    <property name="hibernate.c3p0.idle_test_period">3000</property>
</session-factory>

</hibernate-configuration>